item,itemLabel,cited_works,cited_worksLabel
http://www.wikidata.org/entity/Q1027121,Call of Cthulhu,http://www.wikidata.org/entity/Q2633765,Basic Role-Playing
http://www.wikidata.org/entity/Q1027121,Call of Cthulhu,http://www.wikidata.org/entity/Q681338,RuneQuest
http://www.wikidata.org/entity/Q1034664,Buck Rogers XXVC,http://www.wikidata.org/entity/Q64597405,Advanced Dungeons & Dragons 1st edition
http://www.wikidata.org/entity/Q1042398,Paranoia,http://www.wikidata.org/entity/Q2164069,Traveller
http://www.wikidata.org/entity/Q1042398,Paranoia,http://www.wikidata.org/entity/Q1375,Dungeons & Dragons
http://www.wikidata.org/entity/Q1047814,Generic Universal Role Playing System,http://www.wikidata.org/entity/Q17528629,Empire of the Petal Throne
http://www.wikidata.org/entity/Q1047814,Generic Universal Role Playing System,http://www.wikidata.org/entity/Q281056,Champions
http://www.wikidata.org/entity/Q1047814,Generic Universal Role Playing System,http://www.wikidata.org/entity/Q683240,Tunnels & Trolls
http://www.wikidata.org/entity/Q1047814,Generic Universal Role Playing System,http://www.wikidata.org/entity/Q7733398,The Fantasy Trip
http://www.wikidata.org/entity/Q1061994,Changeling: The Dreaming,http://www.wikidata.org/entity/Q1883961,Mage: The Ascension
http://www.wikidata.org/entity/Q1061994,Changeling: The Dreaming,http://www.wikidata.org/entity/Q1933571,Wraith: The Oblivion
http://www.wikidata.org/entity/Q1061994,Changeling: The Dreaming,http://www.wikidata.org/entity/Q2142180,Werewolf: The Apocalypse
http://www.wikidata.org/entity/Q1061994,Changeling: The Dreaming,http://www.wikidata.org/entity/Q650924,Vampire: The Masquerade
http://www.wikidata.org/entity/Q11964665,Dangerous Journeys,http://www.wikidata.org/entity/Q64597405,Advanced Dungeons & Dragons 1st edition
http://www.wikidata.org/entity/Q11964665,Dangerous Journeys,http://www.wikidata.org/entity/Q1375,Dungeons & Dragons
http://www.wikidata.org/entity/Q1336480,Rifts,http://www.wikidata.org/entity/Q3342018,Ninjas & Superspies
http://www.wikidata.org/entity/Q1336480,Rifts,http://www.wikidata.org/entity/Q3785299,Heroes Unlimited
http://www.wikidata.org/entity/Q1336480,Rifts,http://www.wikidata.org/entity/Q730232,Beyond the Supernatural
http://www.wikidata.org/entity/Q1350935,Fate,http://www.wikidata.org/entity/Q17152446,The Dresden Files Roleplaying Game
http://www.wikidata.org/entity/Q1350935,Fate,http://www.wikidata.org/entity/Q7578028,Spirit of the Century
http://www.wikidata.org/entity/Q1350935,Fate,http://www.wikidata.org/entity/Q1375,Dungeons & Dragons
http://www.wikidata.org/entity/Q1476922,HeroQuest,http://www.wikidata.org/entity/Q3134306,Hero Wars
http://www.wikidata.org/entity/Q1476922,HeroQuest,http://www.wikidata.org/entity/Q681338,RuneQuest
http://www.wikidata.org/entity/Q15221892,Dungeon World,http://www.wikidata.org/entity/Q16382540,Apocalypse World
http://www.wikidata.org/entity/Q15221892,Dungeon World,http://www.wikidata.org/entity/Q17154019,Monsterhearts
http://www.wikidata.org/entity/Q15221892,Dungeon World,http://www.wikidata.org/entity/Q64528046,Shadow of Yesterday
http://www.wikidata.org/entity/Q15221892,Dungeon World,http://www.wikidata.org/entity/Q64597017,Dungeons & Dragons: Basic Set « Moldvay » 1981
http://www.wikidata.org/entity/Q15221892,Dungeon World,http://www.wikidata.org/entity/Q64597405,Advanced Dungeons & Dragons 1st edition
http://www.wikidata.org/entity/Q15221892,Dungeon World,http://www.wikidata.org/entity/Q67174687,Lady Blackbird
http://www.wikidata.org/entity/Q15221892,Dungeon World,http://www.wikidata.org/entity/Q70491646,The Regiment
http://www.wikidata.org/entity/Q15221892,Dungeon World,http://www.wikidata.org/entity/Q70491852,Freemarket
http://www.wikidata.org/entity/Q15221892,Dungeon World,http://www.wikidata.org/entity/Q70492409,Sagas of the Icelanders
http://www.wikidata.org/entity/Q15221892,Dungeon World,http://www.wikidata.org/entity/Q7720690,The Burning Wheel
http://www.wikidata.org/entity/Q15221892,Dungeon World,http://www.wikidata.org/entity/Q1375,Dungeons & Dragons
http://www.wikidata.org/entity/Q16000545,13th Age,http://www.wikidata.org/entity/Q64623234,Dungeons & Dragons 3rd edition
http://www.wikidata.org/entity/Q16000545,13th Age,http://www.wikidata.org/entity/Q64706119,Dungeons & Dragons 4th edition
http://www.wikidata.org/entity/Q16161486,Marvel Heroic Roleplaying,http://www.wikidata.org/entity/Q281056,Champions
http://www.wikidata.org/entity/Q16161486,Marvel Heroic Roleplaying,http://www.wikidata.org/entity/Q3850395,Marvel Super Heroes
http://www.wikidata.org/entity/Q16161486,Marvel Heroic Roleplaying,http://www.wikidata.org/entity/Q4012863,Villains and Vigilantes
http://www.wikidata.org/entity/Q16161486,Marvel Heroic Roleplaying,http://www.wikidata.org/entity/Q1375,Dungeons & Dragons
http://www.wikidata.org/entity/Q16382540,Apocalypse World,http://www.wikidata.org/entity/Q17142058,Mouse Guard
http://www.wikidata.org/entity/Q16382540,Apocalypse World,http://www.wikidata.org/entity/Q3631244,Primetime Adventures
http://www.wikidata.org/entity/Q16382540,Apocalypse World,http://www.wikidata.org/entity/Q547845,Sorcerer
http://www.wikidata.org/entity/Q16382540,Apocalypse World,http://www.wikidata.org/entity/Q64461225,3:16 Carnage Amongst the Stars
http://www.wikidata.org/entity/Q16382540,Apocalypse World,http://www.wikidata.org/entity/Q64524503,Spione: Story Now in Cold War Berlin
http://www.wikidata.org/entity/Q16382540,Apocalypse World,http://www.wikidata.org/entity/Q64527705,Bacchanal
http://www.wikidata.org/entity/Q16382540,Apocalypse World,http://www.wikidata.org/entity/Q64528046,Shadow of Yesterday
http://www.wikidata.org/entity/Q16382540,Apocalypse World,http://www.wikidata.org/entity/Q64528439,XXXXtreme Street Luge
http://www.wikidata.org/entity/Q16382540,Apocalypse World,http://www.wikidata.org/entity/Q682472,Talislanta
http://www.wikidata.org/entity/Q16382540,Apocalypse World,http://www.wikidata.org/entity/Q682803,Trollbabe
http://www.wikidata.org/entity/Q16382540,Apocalypse World,http://www.wikidata.org/entity/Q726682,Over the Edge
http://www.wikidata.org/entity/Q16382540,Apocalypse World,http://www.wikidata.org/entity/Q7720690,The Burning Wheel
http://www.wikidata.org/entity/Q16382540,Apocalypse World,http://www.wikidata.org/entity/Q7752487,The Mountain Witch
http://www.wikidata.org/entity/Q16382540,Apocalypse World,http://www.wikidata.org/entity/Q5453,Ars Magica
http://www.wikidata.org/entity/Q16545737,dK system,http://www.wikidata.org/entity/Q1091693,System Reference Document
http://www.wikidata.org/entity/Q16545737,dK system,http://www.wikidata.org/entity/Q1752744,Open Game License
http://www.wikidata.org/entity/Q16545737,dK system,http://www.wikidata.org/entity/Q284471,d20 System
http://www.wikidata.org/entity/Q16545737,dK system,http://www.wikidata.org/entity/Q3177833,Jeu d'aventure de Lanfeust et du monde de Troy
http://www.wikidata.org/entity/Q16545737,dK system,http://www.wikidata.org/entity/Q5403370,Etherscope
http://www.wikidata.org/entity/Q16545737,dK system,http://www.wikidata.org/entity/Q64623234,Dungeons & Dragons 3rd edition
http://www.wikidata.org/entity/Q16545737,dK system,http://www.wikidata.org/entity/Q70486236,Cloak of Steel
http://www.wikidata.org/entity/Q16545737,dK system,http://www.wikidata.org/entity/Q7542445,Sláine: The Roleplaying Game of Celtic Heroes
http://www.wikidata.org/entity/Q16992123,Dungeon Crawl Classics,http://www.wikidata.org/entity/Q1091693,System Reference Document
http://www.wikidata.org/entity/Q16992123,Dungeon Crawl Classics,http://www.wikidata.org/entity/Q1752744,Open Game License
http://www.wikidata.org/entity/Q16992123,Dungeon Crawl Classics,http://www.wikidata.org/entity/Q284471,d20 System
http://www.wikidata.org/entity/Q16992123,Dungeon Crawl Classics,http://www.wikidata.org/entity/Q3214557,Labyrinth Lord
http://www.wikidata.org/entity/Q16992123,Dungeon Crawl Classics,http://www.wikidata.org/entity/Q64597405,Advanced Dungeons & Dragons 1st edition
http://www.wikidata.org/entity/Q16992123,Dungeon Crawl Classics,http://www.wikidata.org/entity/Q70484820,Delving Deeper
http://www.wikidata.org/entity/Q16992123,Dungeon Crawl Classics,http://www.wikidata.org/entity/Q70485112,Swords & Wizardry
http://www.wikidata.org/entity/Q16992123,Dungeon Crawl Classics,http://www.wikidata.org/entity/Q1375,Dungeons & Dragons
http://www.wikidata.org/entity/Q17084635,Cortex Plus,http://www.wikidata.org/entity/Q18392250,Sovereign Stone
http://www.wikidata.org/entity/Q17084635,Cortex Plus,http://www.wikidata.org/entity/Q5315139,Dungeon Master's Guide
http://www.wikidata.org/entity/Q17084635,Cortex Plus,http://www.wikidata.org/entity/Q64597405,Advanced Dungeons & Dragons 1st edition
http://www.wikidata.org/entity/Q17084635,Cortex Plus,http://www.wikidata.org/entity/Q7453225,Serenity Role Playing Game
http://www.wikidata.org/entity/Q17084635,Cortex Plus,http://www.wikidata.org/entity/Q764265,Alternity
http://www.wikidata.org/entity/Q17084635,Cortex Plus,http://www.wikidata.org/entity/Q7733398,The Fantasy Trip
http://www.wikidata.org/entity/Q17131035,Polaris,http://www.wikidata.org/entity/Q1382204,Everway
http://www.wikidata.org/entity/Q17131035,Polaris,http://www.wikidata.org/entity/Q1933571,Wraith: The Oblivion
http://www.wikidata.org/entity/Q17131035,Polaris,http://www.wikidata.org/entity/Q2607653,Dogs in the Vineyard
http://www.wikidata.org/entity/Q17131035,Polaris,http://www.wikidata.org/entity/Q547845,Sorcerer
http://www.wikidata.org/entity/Q17131035,Polaris,http://www.wikidata.org/entity/Q584169,Dark Sun
http://www.wikidata.org/entity/Q17131035,Polaris,http://www.wikidata.org/entity/Q680553,Pendragon
http://www.wikidata.org/entity/Q17131035,Polaris,http://www.wikidata.org/entity/Q726682,Over the Edge
http://www.wikidata.org/entity/Q17131035,Polaris,http://www.wikidata.org/entity/Q77428317,Legends of Alyria
http://www.wikidata.org/entity/Q17131035,Polaris,http://www.wikidata.org/entity/Q77428775,Charnel Gods
http://www.wikidata.org/entity/Q17131035,Polaris,http://www.wikidata.org/entity/Q7760683,The Riddle of Steel
http://www.wikidata.org/entity/Q17131035,Polaris,http://www.wikidata.org/entity/Q1375,Dungeons & Dragons
http://www.wikidata.org/entity/Q17131035,Polaris,http://www.wikidata.org/entity/Q5452,Amber Diceless Role-Playing Game
http://www.wikidata.org/entity/Q17131035,Polaris,http://www.wikidata.org/entity/Q5453,Ars Magica
http://www.wikidata.org/entity/Q17131035,Polaris,http://www.wikidata.org/entity/Q5493,Nobilis
http://www.wikidata.org/entity/Q17142058,Mouse Guard,http://www.wikidata.org/entity/Q4999841,Burning Empires
http://www.wikidata.org/entity/Q17142058,Mouse Guard,http://www.wikidata.org/entity/Q7720690,The Burning Wheel
http://www.wikidata.org/entity/Q17154019,Monsterhearts,http://www.wikidata.org/entity/Q16382540,Apocalypse World
http://www.wikidata.org/entity/Q17154019,Monsterhearts,http://www.wikidata.org/entity/Q650924,Vampire: The Masquerade
http://www.wikidata.org/entity/Q17155477,Numenera,http://www.wikidata.org/entity/Q7201033,Planescape Campaign Setting
http://www.wikidata.org/entity/Q17155477,Numenera,http://www.wikidata.org/entity/Q7257108,Ptolus
http://www.wikidata.org/entity/Q17528629,Empire of the Petal Throne,http://www.wikidata.org/entity/Q3640801,Blackmoor
http://www.wikidata.org/entity/Q17528629,Empire of the Petal Throne,http://www.wikidata.org/entity/Q64584915,Dungeons & Dragons: 1st ed. 1st print  « Woodgrain box »
http://www.wikidata.org/entity/Q18163898,Battlestar Galactica Role Playing Game,http://www.wikidata.org/entity/Q17084649,Cortex System
http://www.wikidata.org/entity/Q18391053,Monsters! Monsters!,http://www.wikidata.org/entity/Q17528629,Empire of the Petal Throne
http://www.wikidata.org/entity/Q18391053,Monsters! Monsters!,http://www.wikidata.org/entity/Q683240,Tunnels & Trolls
http://www.wikidata.org/entity/Q18391053,Monsters! Monsters!,http://www.wikidata.org/entity/Q1375,Dungeons & Dragons
http://www.wikidata.org/entity/Q1860174,HackMaster,http://www.wikidata.org/entity/Q64597405,Advanced Dungeons & Dragons 1st edition
http://www.wikidata.org/entity/Q1860174,HackMaster,http://www.wikidata.org/entity/Q1375,Dungeons & Dragons
http://www.wikidata.org/entity/Q1883961,Mage: The Ascension,http://www.wikidata.org/entity/Q5453,Ars Magica
http://www.wikidata.org/entity/Q1961883,My Life with Master,http://www.wikidata.org/entity/Q1512399,The Pool
http://www.wikidata.org/entity/Q1961883,My Life with Master,http://www.wikidata.org/entity/Q682803,Trollbabe
http://www.wikidata.org/entity/Q1961883,My Life with Master,http://www.wikidata.org/entity/Q7260726,Puppetland
http://www.wikidata.org/entity/Q1961883,My Life with Master,http://www.wikidata.org/entity/Q77273711,Hungry Desperate and Alone
http://www.wikidata.org/entity/Q19866965,Babylon 5 Roleplaying Game,http://www.wikidata.org/entity/Q21233525,The Judge Dredd Roleplaying Game
http://www.wikidata.org/entity/Q19866965,Babylon 5 Roleplaying Game,http://www.wikidata.org/entity/Q5305447,Dragonstar
http://www.wikidata.org/entity/Q19866965,Babylon 5 Roleplaying Game,http://www.wikidata.org/entity/Q64623234,Dungeons & Dragons 3rd edition
http://www.wikidata.org/entity/Q19866965,Babylon 5 Roleplaying Game,http://www.wikidata.org/entity/Q6804433,MechWarrior
http://www.wikidata.org/entity/Q2052922,Ghostbusters,http://www.wikidata.org/entity/Q1042398,Paranoia
http://www.wikidata.org/entity/Q21233583,Night's Black Agents,http://www.wikidata.org/entity/Q1047814,Generic Universal Role Playing System
http://www.wikidata.org/entity/Q21233583,Night's Black Agents,http://www.wikidata.org/entity/Q17128218,GURPS High-Tech
http://www.wikidata.org/entity/Q21233583,Night's Black Agents,http://www.wikidata.org/entity/Q17142386,GURPS Horror
http://www.wikidata.org/entity/Q21233583,Night's Black Agents,http://www.wikidata.org/entity/Q18163085,Starblazer Adventures
http://www.wikidata.org/entity/Q21233583,Night's Black Agents,http://www.wikidata.org/entity/Q19873517,GURPS Black Ops
http://www.wikidata.org/entity/Q21233583,Night's Black Agents,http://www.wikidata.org/entity/Q19873579,GURPS Blood Types
http://www.wikidata.org/entity/Q21233583,Night's Black Agents,http://www.wikidata.org/entity/Q20312356,Ashen Stars
http://www.wikidata.org/entity/Q21233583,Night's Black Agents,http://www.wikidata.org/entity/Q21233473,The Esoterrorists
http://www.wikidata.org/entity/Q21233583,Night's Black Agents,http://www.wikidata.org/entity/Q21233479,Fear Itself
http://www.wikidata.org/entity/Q21233583,Night's Black Agents,http://www.wikidata.org/entity/Q21233575,Mutant City Blues
http://www.wikidata.org/entity/Q21233583,Night's Black Agents,http://www.wikidata.org/entity/Q3143353,Hunter: The Vigil
http://www.wikidata.org/entity/Q21233583,Night's Black Agents,http://www.wikidata.org/entity/Q3210775,Trail of Cthulhu
http://www.wikidata.org/entity/Q21233583,Night's Black Agents,http://www.wikidata.org/entity/Q3494307,Spycraft
http://www.wikidata.org/entity/Q21233583,Night's Black Agents,http://www.wikidata.org/entity/Q3756321,GUMSHOE System
http://www.wikidata.org/entity/Q21233583,Night's Black Agents,http://www.wikidata.org/entity/Q4999841,Burning Empires
http://www.wikidata.org/entity/Q21233583,Night's Black Agents,http://www.wikidata.org/entity/Q64524503,Spione: Story Now in Cold War Berlin
http://www.wikidata.org/entity/Q21233583,Night's Black Agents,http://www.wikidata.org/entity/Q68028418,Cold City
http://www.wikidata.org/entity/Q21233583,Night's Black Agents,http://www.wikidata.org/entity/Q77274294,Blowback
http://www.wikidata.org/entity/Q21233583,Night's Black Agents,http://www.wikidata.org/entity/Q77274425,Wilderness of Mirrors
http://www.wikidata.org/entity/Q21233583,Night's Black Agents,http://www.wikidata.org/entity/Q7752487,The Mountain Witch
http://www.wikidata.org/entity/Q21233599,A Penny for My Thoughts,http://www.wikidata.org/entity/Q17131035,Polaris
http://www.wikidata.org/entity/Q21233599,A Penny for My Thoughts,http://www.wikidata.org/entity/Q21233458,Don't Rest Your Head
http://www.wikidata.org/entity/Q21233599,A Penny for My Thoughts,http://www.wikidata.org/entity/Q25112595,The Extraordinary Adventures of Baron Munchausen
http://www.wikidata.org/entity/Q21233599,A Penny for My Thoughts,http://www.wikidata.org/entity/Q3631244,Primetime Adventures
http://www.wikidata.org/entity/Q21233599,A Penny for My Thoughts,http://www.wikidata.org/entity/Q64531008,Lacuna part 1.
http://www.wikidata.org/entity/Q21233599,A Penny for My Thoughts,http://www.wikidata.org/entity/Q64532605,A Thousand and One Nights: A Game of Enticing Stories
http://www.wikidata.org/entity/Q21233599,A Penny for My Thoughts,http://www.wikidata.org/entity/Q64532629,The Court of the Empress
http://www.wikidata.org/entity/Q21233599,A Penny for My Thoughts,http://www.wikidata.org/entity/Q64532667,Serial Homicide Unit
http://www.wikidata.org/entity/Q21233618,Rogue Trader,http://www.wikidata.org/entity/Q18160044,Dark Heresy
http://www.wikidata.org/entity/Q21233651,Swashbucklers of the 7 Skies,http://www.wikidata.org/entity/Q17126070,GURPS Swashbucklers
http://www.wikidata.org/entity/Q21233651,Swashbucklers of the 7 Skies,http://www.wikidata.org/entity/Q25112595,The Extraordinary Adventures of Baron Munchausen
http://www.wikidata.org/entity/Q21233651,Swashbucklers of the 7 Skies,http://www.wikidata.org/entity/Q2607653,Dogs in the Vineyard
http://www.wikidata.org/entity/Q21233651,Swashbucklers of the 7 Skies,http://www.wikidata.org/entity/Q270118,7th Sea
http://www.wikidata.org/entity/Q21233651,Swashbucklers of the 7 Skies,http://www.wikidata.org/entity/Q2825388,Adventure!
http://www.wikidata.org/entity/Q21233651,Swashbucklers of the 7 Skies,http://www.wikidata.org/entity/Q3012287,En Garde!
http://www.wikidata.org/entity/Q21233651,Swashbucklers of the 7 Skies,http://www.wikidata.org/entity/Q3041920,The Dying Earth Roleplaying Game
http://www.wikidata.org/entity/Q21233651,Swashbucklers of the 7 Skies,http://www.wikidata.org/entity/Q3183952,Jorune
http://www.wikidata.org/entity/Q21233651,Swashbucklers of the 7 Skies,http://www.wikidata.org/entity/Q3235888,Flashing Blades
http://www.wikidata.org/entity/Q21233651,Swashbucklers of the 7 Skies,http://www.wikidata.org/entity/Q3631244,Primetime Adventures
http://www.wikidata.org/entity/Q21233651,Swashbucklers of the 7 Skies,http://www.wikidata.org/entity/Q388465,Castle Falkenstein
http://www.wikidata.org/entity/Q21233651,Swashbucklers of the 7 Skies,http://www.wikidata.org/entity/Q70944698,Questers of the Middle Realms
http://www.wikidata.org/entity/Q21233651,Swashbucklers of the 7 Skies,http://www.wikidata.org/entity/Q70944886,Beast Hunters
http://www.wikidata.org/entity/Q21233651,Swashbucklers of the 7 Skies,http://www.wikidata.org/entity/Q70945112,50 Fathoms
http://www.wikidata.org/entity/Q21233651,Swashbucklers of the 7 Skies,http://www.wikidata.org/entity/Q70945365,Dictionary of Mu
http://www.wikidata.org/entity/Q21233651,Swashbucklers of the 7 Skies,http://www.wikidata.org/entity/Q70945757,GURPS Robin Hood
http://www.wikidata.org/entity/Q21233651,Swashbucklers of the 7 Skies,http://www.wikidata.org/entity/Q70946018,Nine Worlds
http://www.wikidata.org/entity/Q21233651,Swashbucklers of the 7 Skies,http://www.wikidata.org/entity/Q7578028,Spirit of the Century
http://www.wikidata.org/entity/Q2154880,Risus,http://www.wikidata.org/entity/Q1047814,Generic Universal Role Playing System
http://www.wikidata.org/entity/Q2154880,Risus,http://www.wikidata.org/entity/Q1574279,TWERPS
http://www.wikidata.org/entity/Q2154880,Risus,http://www.wikidata.org/entity/Q2052922,Ghostbusters
http://www.wikidata.org/entity/Q2154880,Risus,http://www.wikidata.org/entity/Q3038694,DragonQuest
http://www.wikidata.org/entity/Q2154880,Risus,http://www.wikidata.org/entity/Q683240,Tunnels & Trolls
http://www.wikidata.org/entity/Q2154880,Risus,http://www.wikidata.org/entity/Q726682,Over the Edge
http://www.wikidata.org/entity/Q2154880,Risus,http://www.wikidata.org/entity/Q922920,DC Heroes
http://www.wikidata.org/entity/Q2154880,Risus,http://www.wikidata.org/entity/Q940304,Fudge
http://www.wikidata.org/entity/Q22247965,ArKipels²,http://www.wikidata.org/entity/Q1091693,System Reference Document
http://www.wikidata.org/entity/Q22247965,ArKipels²,http://www.wikidata.org/entity/Q16545737,dK system
http://www.wikidata.org/entity/Q22247965,ArKipels²,http://www.wikidata.org/entity/Q1752744,Open Game License
http://www.wikidata.org/entity/Q22247965,ArKipels²,http://www.wikidata.org/entity/Q2860238,Archipels (D20 system)
http://www.wikidata.org/entity/Q22247965,ArKipels²,http://www.wikidata.org/entity/Q3177833,Jeu d'aventure de Lanfeust et du monde de Troy
http://www.wikidata.org/entity/Q22247965,ArKipels²,http://www.wikidata.org/entity/Q1375,Dungeons & Dragons
http://www.wikidata.org/entity/Q24962927,Macross II: The Role-Playing Game,http://www.wikidata.org/entity/Q1336480,Rifts
http://www.wikidata.org/entity/Q24962927,Macross II: The Role-Playing Game,http://www.wikidata.org/entity/Q3785299,Heroes Unlimited
http://www.wikidata.org/entity/Q24962927,Macross II: The Role-Playing Game,http://www.wikidata.org/entity/Q7353415,Robotech
http://www.wikidata.org/entity/Q25112595,The Extraordinary Adventures of Baron Munchausen,http://www.wikidata.org/entity/Q17126070,GURPS Swashbucklers
http://www.wikidata.org/entity/Q25112595,The Extraordinary Adventures of Baron Munchausen,http://www.wikidata.org/entity/Q3149647,In Nomine
http://www.wikidata.org/entity/Q25112595,The Extraordinary Adventures of Baron Munchausen,http://www.wikidata.org/entity/Q8010328,GURPS Discworld
http://www.wikidata.org/entity/Q25112595,The Extraordinary Adventures of Baron Munchausen,http://www.wikidata.org/entity/Q940304,Fudge
http://www.wikidata.org/entity/Q2607653,Dogs in the Vineyard,http://www.wikidata.org/entity/Q1476922,HeroQuest
http://www.wikidata.org/entity/Q2607653,Dogs in the Vineyard,http://www.wikidata.org/entity/Q16967584,Dust Devils
http://www.wikidata.org/entity/Q2607653,Dogs in the Vineyard,http://www.wikidata.org/entity/Q1961883,My Life with Master
http://www.wikidata.org/entity/Q2607653,Dogs in the Vineyard,http://www.wikidata.org/entity/Q3631244,Primetime Adventures
http://www.wikidata.org/entity/Q2607653,Dogs in the Vineyard,http://www.wikidata.org/entity/Q547845,Sorcerer
http://www.wikidata.org/entity/Q2607653,Dogs in the Vineyard,http://www.wikidata.org/entity/Q682803,Trollbabe
http://www.wikidata.org/entity/Q2607653,Dogs in the Vineyard,http://www.wikidata.org/entity/Q7760683,The Riddle of Steel
http://www.wikidata.org/entity/Q2607653,Dogs in the Vineyard,http://www.wikidata.org/entity/Q7894174,Universalis
http://www.wikidata.org/entity/Q2633765,Basic Role-Playing,http://www.wikidata.org/entity/Q1027121,Call of Cthulhu
http://www.wikidata.org/entity/Q2633765,Basic Role-Playing,http://www.wikidata.org/entity/Q18348765,Hawkmoon
http://www.wikidata.org/entity/Q2633765,Basic Role-Playing,http://www.wikidata.org/entity/Q18394146,Thieves' World
http://www.wikidata.org/entity/Q2633765,Basic Role-Playing,http://www.wikidata.org/entity/Q3050832,Elfquest
http://www.wikidata.org/entity/Q2633765,Basic Role-Playing,http://www.wikidata.org/entity/Q3051684,Elric!
http://www.wikidata.org/entity/Q2633765,Basic Role-Playing,http://www.wikidata.org/entity/Q3338278,Nephilim
http://www.wikidata.org/entity/Q2633765,Basic Role-Playing,http://www.wikidata.org/entity/Q3978067,Superworld
http://www.wikidata.org/entity/Q2633765,Basic Role-Playing,http://www.wikidata.org/entity/Q680553,Pendragon
http://www.wikidata.org/entity/Q2633765,Basic Role-Playing,http://www.wikidata.org/entity/Q681338,RuneQuest
http://www.wikidata.org/entity/Q2633765,Basic Role-Playing,http://www.wikidata.org/entity/Q682309,Stormbringer
http://www.wikidata.org/entity/Q2633765,Basic Role-Playing,http://www.wikidata.org/entity/Q7335034,Ringworld
http://www.wikidata.org/entity/Q2633765,Basic Role-Playing,http://www.wikidata.org/entity/Q8036746,Worlds of Wonder
http://www.wikidata.org/entity/Q270118,7th Sea,http://www.wikidata.org/entity/Q3224019,Legend of the Five Rings Roleplaying Game
http://www.wikidata.org/entity/Q2859257,Aquelarre,http://www.wikidata.org/entity/Q1027121,Call of Cthulhu
http://www.wikidata.org/entity/Q2859257,Aquelarre,http://www.wikidata.org/entity/Q2143290,Legend of the Five Rings
http://www.wikidata.org/entity/Q2859257,Aquelarre,http://www.wikidata.org/entity/Q5778481,Comandos de Guerra
http://www.wikidata.org/entity/Q2859257,Aquelarre,http://www.wikidata.org/entity/Q64532728,Arcana Mvndi
http://www.wikidata.org/entity/Q2859257,Aquelarre,http://www.wikidata.org/entity/Q64532744,Capitan Alatriste
http://www.wikidata.org/entity/Q2859257,Aquelarre,http://www.wikidata.org/entity/Q681338,RuneQuest
http://www.wikidata.org/entity/Q2859257,Aquelarre,http://www.wikidata.org/entity/Q682309,Stormbringer
http://www.wikidata.org/entity/Q2859257,Aquelarre,http://www.wikidata.org/entity/Q1375,Dungeons & Dragons
http://www.wikidata.org/entity/Q2859257,Aquelarre,http://www.wikidata.org/entity/Q5453,Ars Magica
http://www.wikidata.org/entity/Q2873310,Avant Charlemagne,http://www.wikidata.org/entity/Q3053285,Empire galactique
http://www.wikidata.org/entity/Q2906987,Bloodlust,http://www.wikidata.org/entity/Q1047814,Generic Universal Role Playing System
http://www.wikidata.org/entity/Q2906987,Bloodlust,http://www.wikidata.org/entity/Q3050832,Elfquest
http://www.wikidata.org/entity/Q2906987,Bloodlust,http://www.wikidata.org/entity/Q681338,RuneQuest
http://www.wikidata.org/entity/Q2906987,Bloodlust,http://www.wikidata.org/entity/Q5473,Middle-Earth Role Playing
http://www.wikidata.org/entity/Q2906987,Bloodlust,http://www.wikidata.org/entity/Q5490,Warhammer Fantasy Roleplay
http://www.wikidata.org/entity/Q2927394,Bubblegum Crisis,http://www.wikidata.org/entity/Q1034675,Cyberpunk 2020
http://www.wikidata.org/entity/Q2927394,Bubblegum Crisis,http://www.wikidata.org/entity/Q1042442,Shadowrun
http://www.wikidata.org/entity/Q2927394,Bubblegum Crisis,http://www.wikidata.org/entity/Q1047814,Generic Universal Role Playing System
http://www.wikidata.org/entity/Q2927394,Bubblegum Crisis,http://www.wikidata.org/entity/Q1613765,HERO System
http://www.wikidata.org/entity/Q2927394,Bubblegum Crisis,http://www.wikidata.org/entity/Q2703461,Interlock System
http://www.wikidata.org/entity/Q2927394,Bubblegum Crisis,http://www.wikidata.org/entity/Q281056,Champions
http://www.wikidata.org/entity/Q2927394,Bubblegum Crisis,http://www.wikidata.org/entity/Q761761,Mekton
http://www.wikidata.org/entity/Q3041920,The Dying Earth Roleplaying Game,http://www.wikidata.org/entity/Q1173528,Aberrant
http://www.wikidata.org/entity/Q3041920,The Dying Earth Roleplaying Game,http://www.wikidata.org/entity/Q3134306,Hero Wars
http://www.wikidata.org/entity/Q3041920,The Dying Earth Roleplaying Game,http://www.wikidata.org/entity/Q3338278,Nephilim
http://www.wikidata.org/entity/Q3041920,The Dying Earth Roleplaying Game,http://www.wikidata.org/entity/Q679434,Feng Shui
http://www.wikidata.org/entity/Q3041920,The Dying Earth Roleplaying Game,http://www.wikidata.org/entity/Q7131748,Pantheon and Other Roleplaying Games
http://www.wikidata.org/entity/Q3041920,The Dying Earth Roleplaying Game,http://www.wikidata.org/entity/Q7601018,Star Trek: The Next Generation Role-playing Game
http://www.wikidata.org/entity/Q3041920,The Dying Earth Roleplaying Game,http://www.wikidata.org/entity/Q7842556,Trinity
http://www.wikidata.org/entity/Q3051684,Elric!,http://www.wikidata.org/entity/Q682309,Stormbringer
http://www.wikidata.org/entity/Q3143399,Hurlements,http://www.wikidata.org/entity/Q1375,Dungeons & Dragons
http://www.wikidata.org/entity/Q3187178,Jovian Chronicles,http://www.wikidata.org/entity/Q67396628,Silhouette Roleplaying Core Rules
http://www.wikidata.org/entity/Q3211020,La Méthode du docteur Chestel,http://www.wikidata.org/entity/Q1027121,Call of Cthulhu
http://www.wikidata.org/entity/Q3211020,La Méthode du docteur Chestel,http://www.wikidata.org/entity/Q1375,Dungeons & Dragons
http://www.wikidata.org/entity/Q3214557,Labyrinth Lord,http://www.wikidata.org/entity/Q1091693,System Reference Document
http://www.wikidata.org/entity/Q3214557,Labyrinth Lord,http://www.wikidata.org/entity/Q1752744,Open Game License
http://www.wikidata.org/entity/Q3214557,Labyrinth Lord,http://www.wikidata.org/entity/Q3266754,D20 Modern
http://www.wikidata.org/entity/Q3214557,Labyrinth Lord,http://www.wikidata.org/entity/Q5050586,Castles & Crusades
http://www.wikidata.org/entity/Q3214557,Labyrinth Lord,http://www.wikidata.org/entity/Q64597017,Dungeons & Dragons: Basic Set « Moldvay » 1981
http://www.wikidata.org/entity/Q3214557,Labyrinth Lord,http://www.wikidata.org/entity/Q77245101,The Tome of Horrors
http://www.wikidata.org/entity/Q3214557,Labyrinth Lord,http://www.wikidata.org/entity/Q1375,Dungeons & Dragons
http://www.wikidata.org/entity/Q3224019,Legend of the Five Rings Roleplaying Game,http://www.wikidata.org/entity/Q2143290,Legend of the Five Rings
http://www.wikidata.org/entity/Q3235888,Flashing Blades,http://www.wikidata.org/entity/Q3012287,En Garde!
http://www.wikidata.org/entity/Q3270166,Légendes,http://www.wikidata.org/entity/Q72230547,Légendes des mille et une nuits
http://www.wikidata.org/entity/Q3270166,Légendes,http://www.wikidata.org/entity/Q72230764,Légendes Celtiques
http://www.wikidata.org/entity/Q3304203,Mega,http://www.wikidata.org/entity/Q3053285,Empire galactique
http://www.wikidata.org/entity/Q3342018,Ninjas & Superspies,http://www.wikidata.org/entity/Q1336480,Rifts
http://www.wikidata.org/entity/Q3342018,Ninjas & Superspies,http://www.wikidata.org/entity/Q2826313,After the Bomb
http://www.wikidata.org/entity/Q3342018,Ninjas & Superspies,http://www.wikidata.org/entity/Q3085024,Teenage Mutant Ninja Turtles & Other Strangeness
http://www.wikidata.org/entity/Q3342018,Ninjas & Superspies,http://www.wikidata.org/entity/Q3785299,Heroes Unlimited
http://www.wikidata.org/entity/Q3342018,Ninjas & Superspies,http://www.wikidata.org/entity/Q730232,Beyond the Supernatural
http://www.wikidata.org/entity/Q3342018,Ninjas & Superspies,http://www.wikidata.org/entity/Q7353415,Robotech
http://www.wikidata.org/entity/Q3347723,OSRIC,http://www.wikidata.org/entity/Q1091693,System Reference Document
http://www.wikidata.org/entity/Q3347723,OSRIC,http://www.wikidata.org/entity/Q1752744,Open Game License
http://www.wikidata.org/entity/Q3347723,OSRIC,http://www.wikidata.org/entity/Q77245101,The Tome of Horrors
http://www.wikidata.org/entity/Q3642315,Boot Hill,http://www.wikidata.org/entity/Q17116228,Metamorphosis Alpha
http://www.wikidata.org/entity/Q3642315,Boot Hill,http://www.wikidata.org/entity/Q331156,Dungeons & Dragons Basic Set
http://www.wikidata.org/entity/Q3642315,Boot Hill,http://www.wikidata.org/entity/Q5315139,Dungeon Master's Guide
http://www.wikidata.org/entity/Q3642315,Boot Hill,http://www.wikidata.org/entity/Q5520309,Gamma World
http://www.wikidata.org/entity/Q3642315,Boot Hill,http://www.wikidata.org/entity/Q64597405,Advanced Dungeons & Dragons 1st edition
http://www.wikidata.org/entity/Q39045543,Blades in the Dark,http://www.wikidata.org/entity/Q1350935,Fate
http://www.wikidata.org/entity/Q39045543,Blades in the Dark,http://www.wikidata.org/entity/Q16382540,Apocalypse World
http://www.wikidata.org/entity/Q39045543,Blades in the Dark,http://www.wikidata.org/entity/Q17131035,Polaris
http://www.wikidata.org/entity/Q39045543,Blades in the Dark,http://www.wikidata.org/entity/Q17142058,Mouse Guard
http://www.wikidata.org/entity/Q39045543,Blades in the Dark,http://www.wikidata.org/entity/Q17154019,Monsterhearts
http://www.wikidata.org/entity/Q39045543,Blades in the Dark,http://www.wikidata.org/entity/Q2607653,Dogs in the Vineyard
http://www.wikidata.org/entity/Q39045543,Blades in the Dark,http://www.wikidata.org/entity/Q67883506,Bliss Stage
http://www.wikidata.org/entity/Q39045543,Blades in the Dark,http://www.wikidata.org/entity/Q67891706,The Sundered Land
http://www.wikidata.org/entity/Q39045543,Blades in the Dark,http://www.wikidata.org/entity/Q67891895,Dream Askew
http://www.wikidata.org/entity/Q39045543,Blades in the Dark,http://www.wikidata.org/entity/Q67892082,The Quiet Year
http://www.wikidata.org/entity/Q39045543,Blades in the Dark,http://www.wikidata.org/entity/Q67962822,Thou Art But A Warrior
http://www.wikidata.org/entity/Q39045543,Blades in the Dark,http://www.wikidata.org/entity/Q67963569,Stars Without Number
http://www.wikidata.org/entity/Q39045543,Blades in the Dark,http://www.wikidata.org/entity/Q67964030,Other Dust
http://www.wikidata.org/entity/Q39045543,Blades in the Dark,http://www.wikidata.org/entity/Q67964237,Night Witches
http://www.wikidata.org/entity/Q39045543,Blades in the Dark,http://www.wikidata.org/entity/Q682472,Talislanta
http://www.wikidata.org/entity/Q39045543,Blades in the Dark,http://www.wikidata.org/entity/Q7720690,The Burning Wheel
http://www.wikidata.org/entity/Q39045543,Blades in the Dark,http://www.wikidata.org/entity/Q7763569,The Shadow of Yesterday
http://www.wikidata.org/entity/Q48976682,All the Worlds' Monsters,http://www.wikidata.org/entity/Q4788315,Arduin
http://www.wikidata.org/entity/Q48976682,All the Worlds' Monsters,http://www.wikidata.org/entity/Q48997469,Cults of Prax
http://www.wikidata.org/entity/Q48976682,All the Worlds' Monsters,http://www.wikidata.org/entity/Q681338,RuneQuest
http://www.wikidata.org/entity/Q48976682,All the Worlds' Monsters,http://www.wikidata.org/entity/Q683240,Tunnels & Trolls
http://www.wikidata.org/entity/Q48976682,All the Worlds' Monsters,http://www.wikidata.org/entity/Q1375,Dungeons & Dragons
http://www.wikidata.org/entity/Q48997469,Cults of Prax,http://www.wikidata.org/entity/Q681338,RuneQuest
http://www.wikidata.org/entity/Q48998030,Arms Law,http://www.wikidata.org/entity/Q2306311,Spacemaster
http://www.wikidata.org/entity/Q48998030,Arms Law,http://www.wikidata.org/entity/Q3481166,Shadow World
http://www.wikidata.org/entity/Q48998030,Arms Law,http://www.wikidata.org/entity/Q5434300,Fantasy Hero
http://www.wikidata.org/entity/Q48998030,Arms Law,http://www.wikidata.org/entity/Q64597405,Advanced Dungeons & Dragons 1st edition
http://www.wikidata.org/entity/Q48998030,Arms Law,http://www.wikidata.org/entity/Q680764,Rolemaster
http://www.wikidata.org/entity/Q48998030,Arms Law,http://www.wikidata.org/entity/Q5473,Middle-Earth Role Playing
http://www.wikidata.org/entity/Q4906640,Prince Valiant: The Story-Telling Game,http://www.wikidata.org/entity/Q1027121,Call of Cthulhu
http://www.wikidata.org/entity/Q4906640,Prince Valiant: The Story-Telling Game,http://www.wikidata.org/entity/Q680553,Pendragon
http://www.wikidata.org/entity/Q4906640,Prince Valiant: The Story-Telling Game,http://www.wikidata.org/entity/Q681338,RuneQuest
http://www.wikidata.org/entity/Q4906640,Prince Valiant: The Story-Telling Game,http://www.wikidata.org/entity/Q1375,Dungeons & Dragons
http://www.wikidata.org/entity/Q4998337,Bureau 13,http://www.wikidata.org/entity/Q3521919,The Morrow Project
http://www.wikidata.org/entity/Q4999841,Burning Empires,http://www.wikidata.org/entity/Q1476922,HeroQuest
http://www.wikidata.org/entity/Q4999841,Burning Empires,http://www.wikidata.org/entity/Q1883961,Mage: The Ascension
http://www.wikidata.org/entity/Q4999841,Burning Empires,http://www.wikidata.org/entity/Q1961883,My Life with Master
http://www.wikidata.org/entity/Q4999841,Burning Empires,http://www.wikidata.org/entity/Q2164069,Traveller
http://www.wikidata.org/entity/Q4999841,Burning Empires,http://www.wikidata.org/entity/Q2607653,Dogs in the Vineyard
http://www.wikidata.org/entity/Q4999841,Burning Empires,http://www.wikidata.org/entity/Q4790134,Aria: Canticle of the Monomyth
http://www.wikidata.org/entity/Q4999841,Burning Empires,http://www.wikidata.org/entity/Q547845,Sorcerer
http://www.wikidata.org/entity/Q4999841,Burning Empires,http://www.wikidata.org/entity/Q64528206,Sorcerer supplements
http://www.wikidata.org/entity/Q4999841,Burning Empires,http://www.wikidata.org/entity/Q68246050,Burning Sands: Jihad
http://www.wikidata.org/entity/Q4999841,Burning Empires,http://www.wikidata.org/entity/Q68249074,Conspiracy of Shadows
http://www.wikidata.org/entity/Q4999841,Burning Empires,http://www.wikidata.org/entity/Q68385826,Traveller: The New Era
http://www.wikidata.org/entity/Q4999841,Burning Empires,http://www.wikidata.org/entity/Q7720690,The Burning Wheel
http://www.wikidata.org/entity/Q4999841,Burning Empires,http://www.wikidata.org/entity/Q7763569,The Shadow of Yesterday
http://www.wikidata.org/entity/Q4999841,Burning Empires,http://www.wikidata.org/entity/Q7894174,Universalis
http://www.wikidata.org/entity/Q4999841,Burning Empires,http://www.wikidata.org/entity/Q8027994,With Great Power...
http://www.wikidata.org/entity/Q502527,Mutants & Masterminds,http://www.wikidata.org/entity/Q1091693,System Reference Document
http://www.wikidata.org/entity/Q502527,Mutants & Masterminds,http://www.wikidata.org/entity/Q1989178,Star Wars Roleplaying Game
http://www.wikidata.org/entity/Q502527,Mutants & Masterminds,http://www.wikidata.org/entity/Q2143290,Legend of the Five Rings
http://www.wikidata.org/entity/Q502527,Mutants & Masterminds,http://www.wikidata.org/entity/Q5447244,Fiend Folio
http://www.wikidata.org/entity/Q502527,Mutants & Masterminds,http://www.wikidata.org/entity/Q6659127,Living Greyhawk Gazetteer
http://www.wikidata.org/entity/Q502527,Mutants & Masterminds,http://www.wikidata.org/entity/Q68673631,The Book of Fiends
http://www.wikidata.org/entity/Q502527,Mutants & Masterminds,http://www.wikidata.org/entity/Q853499,Forgotten Realms
http://www.wikidata.org/entity/Q5165546,Continuum,http://www.wikidata.org/entity/Q17138496,GURPS Time Travel
http://www.wikidata.org/entity/Q5165546,Continuum,http://www.wikidata.org/entity/Q1883961,Mage: The Ascension
http://www.wikidata.org/entity/Q5165546,Continuum,http://www.wikidata.org/entity/Q28130183,Chronomancer
http://www.wikidata.org/entity/Q5165546,Continuum,http://www.wikidata.org/entity/Q679434,Feng Shui
http://www.wikidata.org/entity/Q5165546,Continuum,http://www.wikidata.org/entity/Q683240,Tunnels & Trolls
http://www.wikidata.org/entity/Q5165546,Continuum,http://www.wikidata.org/entity/Q7806485,Timelords
http://www.wikidata.org/entity/Q5204166,D6 Adventure,http://www.wikidata.org/entity/Q1138697,D6 System
http://www.wikidata.org/entity/Q5204166,D6 Adventure,http://www.wikidata.org/entity/Q17119411,Masterbook
http://www.wikidata.org/entity/Q5204166,D6 Adventure,http://www.wikidata.org/entity/Q600643,Torg
http://www.wikidata.org/entity/Q5204166,D6 Adventure,http://www.wikidata.org/entity/Q7490725,Shatterzone
http://www.wikidata.org/entity/Q5204167,D6 Fantasy,http://www.wikidata.org/entity/Q1138697,D6 System
http://www.wikidata.org/entity/Q5204167,D6 Fantasy,http://www.wikidata.org/entity/Q17119411,Masterbook
http://www.wikidata.org/entity/Q5204167,D6 Fantasy,http://www.wikidata.org/entity/Q600643,Torg
http://www.wikidata.org/entity/Q5204167,D6 Fantasy,http://www.wikidata.org/entity/Q7490725,Shatterzone
http://www.wikidata.org/entity/Q5315139,Dungeon Master's Guide,http://www.wikidata.org/entity/Q17040148,Swords & Spells
http://www.wikidata.org/entity/Q5315139,Dungeon Master's Guide,http://www.wikidata.org/entity/Q17116228,Metamorphosis Alpha
http://www.wikidata.org/entity/Q5315139,Dungeon Master's Guide,http://www.wikidata.org/entity/Q3642315,Boot Hill
http://www.wikidata.org/entity/Q5315139,Dungeon Master's Guide,http://www.wikidata.org/entity/Q3844962,Monster Manual
http://www.wikidata.org/entity/Q5315139,Dungeon Master's Guide,http://www.wikidata.org/entity/Q5520309,Gamma World
http://www.wikidata.org/entity/Q5315139,Dungeon Master's Guide,http://www.wikidata.org/entity/Q7203254,Player's Handbook
http://www.wikidata.org/entity/Q5322481,EABA,http://www.wikidata.org/entity/Q1027121,Call of Cthulhu
http://www.wikidata.org/entity/Q5322481,EABA,http://www.wikidata.org/entity/Q1047814,Generic Universal Role Playing System
http://www.wikidata.org/entity/Q5322481,EABA,http://www.wikidata.org/entity/Q1613765,HERO System
http://www.wikidata.org/entity/Q5322481,EABA,http://www.wikidata.org/entity/Q281056,Champions
http://www.wikidata.org/entity/Q5322481,EABA,http://www.wikidata.org/entity/Q5013482,CORPS
http://www.wikidata.org/entity/Q5322481,EABA,http://www.wikidata.org/entity/Q70928044,"Guns!, Guns!, Guns!"
http://www.wikidata.org/entity/Q5322481,EABA,http://www.wikidata.org/entity/Q7806485,Timelords
http://www.wikidata.org/entity/Q5322481,EABA,http://www.wikidata.org/entity/Q1375,Dungeons & Dragons
http://www.wikidata.org/entity/Q5333023,Eclipse Phase,http://www.wikidata.org/entity/Q1027121,Call of Cthulhu
http://www.wikidata.org/entity/Q5333023,Eclipse Phase,http://www.wikidata.org/entity/Q1042398,Paranoia
http://www.wikidata.org/entity/Q5333023,Eclipse Phase,http://www.wikidata.org/entity/Q1042442,Shadowrun
http://www.wikidata.org/entity/Q5333023,Eclipse Phase,http://www.wikidata.org/entity/Q1142759,CthulhuTech
http://www.wikidata.org/entity/Q5333023,Eclipse Phase,http://www.wikidata.org/entity/Q1924602,Blue Planet
http://www.wikidata.org/entity/Q5333023,Eclipse Phase,http://www.wikidata.org/entity/Q2053089,Delta Green
http://www.wikidata.org/entity/Q5333023,Eclipse Phase,http://www.wikidata.org/entity/Q2151657,Cybergeneration
http://www.wikidata.org/entity/Q5333023,Eclipse Phase,http://www.wikidata.org/entity/Q2164069,Traveller
http://www.wikidata.org/entity/Q5333023,Eclipse Phase,http://www.wikidata.org/entity/Q3043184,Transhuman Space
http://www.wikidata.org/entity/Q5333023,Eclipse Phase,http://www.wikidata.org/entity/Q3521919,The Morrow Project
http://www.wikidata.org/entity/Q5333023,Eclipse Phase,http://www.wikidata.org/entity/Q4999841,Burning Empires
http://www.wikidata.org/entity/Q5333023,Eclipse Phase,http://www.wikidata.org/entity/Q5242587,Dawning Star
http://www.wikidata.org/entity/Q5333023,Eclipse Phase,http://www.wikidata.org/entity/Q5520309,Gamma World
http://www.wikidata.org/entity/Q5333023,Eclipse Phase,http://www.wikidata.org/entity/Q70491852,Freemarket
http://www.wikidata.org/entity/Q5333023,Eclipse Phase,http://www.wikidata.org/entity/Q7499815,Shock: Social Science Fiction
http://www.wikidata.org/entity/Q5915977,Houses of the Blooded,http://www.wikidata.org/entity/Q1350935,Fate
http://www.wikidata.org/entity/Q5915977,Houses of the Blooded,http://www.wikidata.org/entity/Q2613589,InSpectres
http://www.wikidata.org/entity/Q5915977,Houses of the Blooded,http://www.wikidata.org/entity/Q64530536,OctaNe
http://www.wikidata.org/entity/Q63524304,Lovecraftesque,http://www.wikidata.org/entity/Q3744369,Fiasco
http://www.wikidata.org/entity/Q63524304,Lovecraftesque,http://www.wikidata.org/entity/Q68032052,When the Dark is Gone
http://www.wikidata.org/entity/Q63524304,Lovecraftesque,http://www.wikidata.org/entity/Q68032138,Disaster Strikes!
http://www.wikidata.org/entity/Q64461225,3:16 Carnage Amongst the Stars,http://www.wikidata.org/entity/Q2164069,Traveller
http://www.wikidata.org/entity/Q64461225,3:16 Carnage Amongst the Stars,http://www.wikidata.org/entity/Q4631459,2300 AD
http://www.wikidata.org/entity/Q64461225,3:16 Carnage Amongst the Stars,http://www.wikidata.org/entity/Q64524370,Solipsist
http://www.wikidata.org/entity/Q64461225,3:16 Carnage Amongst the Stars,http://www.wikidata.org/entity/Q64524443,Agon
http://www.wikidata.org/entity/Q64461225,3:16 Carnage Amongst the Stars,http://www.wikidata.org/entity/Q64524503,Spione: Story Now in Cold War Berlin
http://www.wikidata.org/entity/Q64461225,3:16 Carnage Amongst the Stars,http://www.wikidata.org/entity/Q64524537,It Was a Mutual Decision
http://www.wikidata.org/entity/Q64461225,3:16 Carnage Amongst the Stars,http://www.wikidata.org/entity/Q64524565,Labyrinths & Lycanthropes
http://www.wikidata.org/entity/Q64461225,3:16 Carnage Amongst the Stars,http://www.wikidata.org/entity/Q64524590,Carry: A Game about War
http://www.wikidata.org/entity/Q64524669,Achtung Cthulhu!,http://www.wikidata.org/entity/Q1027121,Call of Cthulhu
http://www.wikidata.org/entity/Q64524669,Achtung Cthulhu!,http://www.wikidata.org/entity/Q916623,Savage Worlds
http://www.wikidata.org/entity/Q64532408,Abyme,http://www.wikidata.org/entity/Q2827053,Agone
http://www.wikidata.org/entity/Q64561722,Premières légendes : Légendes de la Table Ronde,http://www.wikidata.org/entity/Q3270166,Légendes
http://www.wikidata.org/entity/Q64561870,Inflorenza,http://www.wikidata.org/entity/Q1027121,Call of Cthulhu
http://www.wikidata.org/entity/Q64561870,Inflorenza,http://www.wikidata.org/entity/Q1142759,CthulhuTech
http://www.wikidata.org/entity/Q64561870,Inflorenza,http://www.wikidata.org/entity/Q17131035,Polaris
http://www.wikidata.org/entity/Q64561870,Inflorenza,http://www.wikidata.org/entity/Q25396161,Sombre
http://www.wikidata.org/entity/Q64561870,Inflorenza,http://www.wikidata.org/entity/Q270118,7th Sea
http://www.wikidata.org/entity/Q64561870,Inflorenza,http://www.wikidata.org/entity/Q2849980,Anima: Beyond Fantasy
http://www.wikidata.org/entity/Q64561870,Inflorenza,http://www.wikidata.org/entity/Q64706218,Dirty Secrets
http://www.wikidata.org/entity/Q64561870,Inflorenza,http://www.wikidata.org/entity/Q64706222,Innommable
http://www.wikidata.org/entity/Q64561870,Inflorenza,http://www.wikidata.org/entity/Q64706228,Monostatos
http://www.wikidata.org/entity/Q64561870,Inflorenza,http://www.wikidata.org/entity/Q64706258,Prosopopée
http://www.wikidata.org/entity/Q64561870,Inflorenza,http://www.wikidata.org/entity/Q64706323,S’échapper des Faubourgs
http://www.wikidata.org/entity/Q64561870,Inflorenza,http://www.wikidata.org/entity/Q5493,Nobilis
http://www.wikidata.org/entity/Q64584915,Dungeons & Dragons: 1st ed. 1st print  « Woodgrain box »,http://www.wikidata.org/entity/Q3640801,Blackmoor
http://www.wikidata.org/entity/Q66603524,Reign,http://www.wikidata.org/entity/Q5576735,Godlike
http://www.wikidata.org/entity/Q66603524,Reign,http://www.wikidata.org/entity/Q6991134,Nemesis
http://www.wikidata.org/entity/Q66603524,Reign,http://www.wikidata.org/entity/Q8000823,Wild Talents
http://www.wikidata.org/entity/Q67396358,@ctive8,http://www.wikidata.org/entity/Q1042442,Shadowrun
http://www.wikidata.org/entity/Q67396358,@ctive8,http://www.wikidata.org/entity/Q1476922,HeroQuest
http://www.wikidata.org/entity/Q67396358,@ctive8,http://www.wikidata.org/entity/Q1506136,World of Darkness
http://www.wikidata.org/entity/Q67396358,@ctive8,http://www.wikidata.org/entity/Q495582,Unknown Armies
http://www.wikidata.org/entity/Q67396358,@ctive8,http://www.wikidata.org/entity/Q67396628,Silhouette Roleplaying Core Rules
http://www.wikidata.org/entity/Q67690059,Dragon de poche,http://www.wikidata.org/entity/Q67690640,nanoChrome
http://www.wikidata.org/entity/Q67693166,Lords of Gossamer & Shadow,http://www.wikidata.org/entity/Q1053330,The Chronicles of Amber
http://www.wikidata.org/entity/Q67693166,Lords of Gossamer & Shadow,http://www.wikidata.org/entity/Q3038694,DragonQuest
http://www.wikidata.org/entity/Q67693166,Lords of Gossamer & Shadow,http://www.wikidata.org/entity/Q64597405,Advanced Dungeons & Dragons 1st edition
http://www.wikidata.org/entity/Q67693166,Lords of Gossamer & Shadow,http://www.wikidata.org/entity/Q681338,RuneQuest
http://www.wikidata.org/entity/Q67693166,Lords of Gossamer & Shadow,http://www.wikidata.org/entity/Q5452,Amber Diceless Role-Playing Game
http://www.wikidata.org/entity/Q67693166,Lords of Gossamer & Shadow,http://www.wikidata.org/entity/Q5496,Palladium Fantasy Role-Playing Game
http://www.wikidata.org/entity/Q67799891,Barbarians of Lemuria,http://www.wikidata.org/entity/Q1375,Dungeons & Dragons
http://www.wikidata.org/entity/Q67880218,Le Donjon de Naheulbeuk,http://www.wikidata.org/entity/Q682229,The Dark Eye
http://www.wikidata.org/entity/Q67881355,Beyond the Wall,http://www.wikidata.org/entity/Q1375,Dungeons & Dragons
http://www.wikidata.org/entity/Q67883506,Bliss Stage,http://www.wikidata.org/entity/Q1034675,Cyberpunk 2020
http://www.wikidata.org/entity/Q67883506,Bliss Stage,http://www.wikidata.org/entity/Q18378873,Breaking the Ice
http://www.wikidata.org/entity/Q67883506,Bliss Stage,http://www.wikidata.org/entity/Q1961883,My Life with Master
http://www.wikidata.org/entity/Q67883506,Bliss Stage,http://www.wikidata.org/entity/Q2607653,Dogs in the Vineyard
http://www.wikidata.org/entity/Q67883506,Bliss Stage,http://www.wikidata.org/entity/Q67889237,Angel Gear
http://www.wikidata.org/entity/Q67883506,Bliss Stage,http://www.wikidata.org/entity/Q67889488,Otherkind
http://www.wikidata.org/entity/Q67883506,Bliss Stage,http://www.wikidata.org/entity/Q67889606,Pretender
http://www.wikidata.org/entity/Q67883506,Bliss Stage,http://www.wikidata.org/entity/Q67889710,Shooting the Moon
http://www.wikidata.org/entity/Q67883506,Bliss Stage,http://www.wikidata.org/entity/Q67889882,The Face of Angels
http://www.wikidata.org/entity/Q67883506,Bliss Stage,http://www.wikidata.org/entity/Q67889953,Under the Bed
http://www.wikidata.org/entity/Q67883506,Bliss Stage,http://www.wikidata.org/entity/Q67890115,Panels
http://www.wikidata.org/entity/Q67883506,Bliss Stage,http://www.wikidata.org/entity/Q7353415,Robotech
http://www.wikidata.org/entity/Q67883506,Bliss Stage,http://www.wikidata.org/entity/Q7760683,The Riddle of Steel
http://www.wikidata.org/entity/Q67883506,Bliss Stage,http://www.wikidata.org/entity/Q1375,Dungeons & Dragons
http://www.wikidata.org/entity/Q67883506,Bliss Stage,http://www.wikidata.org/entity/Q5453,Ars Magica
http://www.wikidata.org/entity/Q67891895,Dream Askew,http://www.wikidata.org/entity/Q16382540,Apocalypse World
http://www.wikidata.org/entity/Q679434,Feng Shui,http://www.wikidata.org/entity/Q7021264,Nexus: The Infinite City
http://www.wikidata.org/entity/Q67961453,Blood & Honor,http://www.wikidata.org/entity/Q1350935,Fate
http://www.wikidata.org/entity/Q67961453,Blood & Honor,http://www.wikidata.org/entity/Q16246955,GURPS Japan
http://www.wikidata.org/entity/Q67961453,Blood & Honor,http://www.wikidata.org/entity/Q2143290,Legend of the Five Rings
http://www.wikidata.org/entity/Q67961453,Blood & Honor,http://www.wikidata.org/entity/Q7450585,Sengoku
http://www.wikidata.org/entity/Q67964237,Night Witches,http://www.wikidata.org/entity/Q16382540,Apocalypse World
http://www.wikidata.org/entity/Q67964237,Night Witches,http://www.wikidata.org/entity/Q17154019,Monsterhearts
http://www.wikidata.org/entity/Q67964237,Night Witches,http://www.wikidata.org/entity/Q70491646,The Regiment
http://www.wikidata.org/entity/Q67964237,Night Witches,http://www.wikidata.org/entity/Q70492409,Sagas of the Icelanders
http://www.wikidata.org/entity/Q67964237,Night Witches,http://www.wikidata.org/entity/Q77275285,The Warren
http://www.wikidata.org/entity/Q680176,Pathfinder Roleplaying Game,http://www.wikidata.org/entity/Q1091693,System Reference Document
http://www.wikidata.org/entity/Q680176,Pathfinder Roleplaying Game,http://www.wikidata.org/entity/Q1752744,Open Game License
http://www.wikidata.org/entity/Q680176,Pathfinder Roleplaying Game,http://www.wikidata.org/entity/Q77245101,The Tome of Horrors
http://www.wikidata.org/entity/Q680176,Pathfinder Roleplaying Game,http://www.wikidata.org/entity/Q77426242,Book of Experimental Might
http://www.wikidata.org/entity/Q68028056,10.000,http://www.wikidata.org/entity/Q20711095,Rune
http://www.wikidata.org/entity/Q68028056,10.000,http://www.wikidata.org/entity/Q4999841,Burning Empires
http://www.wikidata.org/entity/Q68028056,10.000,http://www.wikidata.org/entity/Q547845,Sorcerer
http://www.wikidata.org/entity/Q68028056,10.000,http://www.wikidata.org/entity/Q67799891,Barbarians of Lemuria
http://www.wikidata.org/entity/Q68028056,10.000,http://www.wikidata.org/entity/Q68028418,Cold City
http://www.wikidata.org/entity/Q68029775,Dog Eat Dog,http://www.wikidata.org/entity/Q1961883,My Life with Master
http://www.wikidata.org/entity/Q68029775,Dog Eat Dog,http://www.wikidata.org/entity/Q2607653,Dogs in the Vineyard
http://www.wikidata.org/entity/Q680553,Pendragon,http://www.wikidata.org/entity/Q1027121,Call of Cthulhu
http://www.wikidata.org/entity/Q680553,Pendragon,http://www.wikidata.org/entity/Q4906640,Prince Valiant: The Story-Telling Game
http://www.wikidata.org/entity/Q681338,RuneQuest,http://www.wikidata.org/entity/Q1017492,Bushido
http://www.wikidata.org/entity/Q681338,RuneQuest,http://www.wikidata.org/entity/Q16995265,Star Trek: Adventure Gaming in the Final Frontier
http://www.wikidata.org/entity/Q681338,RuneQuest,http://www.wikidata.org/entity/Q17116228,Metamorphosis Alpha
http://www.wikidata.org/entity/Q681338,RuneQuest,http://www.wikidata.org/entity/Q17528629,Empire of the Petal Throne
http://www.wikidata.org/entity/Q681338,RuneQuest,http://www.wikidata.org/entity/Q18391053,Monsters! Monsters!
http://www.wikidata.org/entity/Q681338,RuneQuest,http://www.wikidata.org/entity/Q18392873,Starships & Spacemen
http://www.wikidata.org/entity/Q681338,RuneQuest,http://www.wikidata.org/entity/Q19874948,Knights of the Round Table
http://www.wikidata.org/entity/Q681338,RuneQuest,http://www.wikidata.org/entity/Q2164069,Traveller
http://www.wikidata.org/entity/Q681338,RuneQuest,http://www.wikidata.org/entity/Q24963166,Flash Gordon & the Warriors of Mongo
http://www.wikidata.org/entity/Q681338,RuneQuest,http://www.wikidata.org/entity/Q25112652,Star Patrol
http://www.wikidata.org/entity/Q681338,RuneQuest,http://www.wikidata.org/entity/Q25214307,Space Quest
http://www.wikidata.org/entity/Q681338,RuneQuest,http://www.wikidata.org/entity/Q25217169,Legacy
http://www.wikidata.org/entity/Q681338,RuneQuest,http://www.wikidata.org/entity/Q3012287,En Garde!
http://www.wikidata.org/entity/Q681338,RuneQuest,http://www.wikidata.org/entity/Q3977919,Superhero 2044
http://www.wikidata.org/entity/Q681338,RuneQuest,http://www.wikidata.org/entity/Q4788315,Arduin
http://www.wikidata.org/entity/Q681338,RuneQuest,http://www.wikidata.org/entity/Q48997469,Cults of Prax
http://www.wikidata.org/entity/Q681338,RuneQuest,http://www.wikidata.org/entity/Q5520309,Gamma World
http://www.wikidata.org/entity/Q681338,RuneQuest,http://www.wikidata.org/entity/Q64596999,Dungeons & Dragons: Basic Set « Holmes » 1977
http://www.wikidata.org/entity/Q681338,RuneQuest,http://www.wikidata.org/entity/Q64597405,Advanced Dungeons & Dragons 1st edition
http://www.wikidata.org/entity/Q681338,RuneQuest,http://www.wikidata.org/entity/Q683240,Tunnels & Trolls
http://www.wikidata.org/entity/Q681338,RuneQuest,http://www.wikidata.org/entity/Q7601816,Starfaring
http://www.wikidata.org/entity/Q681338,RuneQuest,http://www.wikidata.org/entity/Q7733398,The Fantasy Trip
http://www.wikidata.org/entity/Q681338,RuneQuest,http://www.wikidata.org/entity/Q1375,Dungeons & Dragons
http://www.wikidata.org/entity/Q681338,RuneQuest,http://www.wikidata.org/entity/Q5457,Bunnies & Burrows
http://www.wikidata.org/entity/Q681338,RuneQuest,http://www.wikidata.org/entity/Q5461,Chivalry & Sorcery
http://www.wikidata.org/entity/Q683240,Tunnels & Trolls,http://www.wikidata.org/entity/Q1375,Dungeons & Dragons
http://www.wikidata.org/entity/Q68520461,No Country For Old Kobolds,http://www.wikidata.org/entity/Q15221892,Dungeon World
http://www.wikidata.org/entity/Q68520461,No Country For Old Kobolds,http://www.wikidata.org/entity/Q68521368,Inglorious
http://www.wikidata.org/entity/Q68520461,No Country For Old Kobolds,http://www.wikidata.org/entity/Q68521932,The Sprawl
http://www.wikidata.org/entity/Q68520461,No Country For Old Kobolds,http://www.wikidata.org/entity/Q68522321,World of Dungeons
http://www.wikidata.org/entity/Q68624889,Cthulhu Dark,http://www.wikidata.org/entity/Q1042398,Paranoia
http://www.wikidata.org/entity/Q68624889,Cthulhu Dark,http://www.wikidata.org/entity/Q1961883,My Life with Master
http://www.wikidata.org/entity/Q68624889,Cthulhu Dark,http://www.wikidata.org/entity/Q21233537,The Laundry
http://www.wikidata.org/entity/Q68624889,Cthulhu Dark,http://www.wikidata.org/entity/Q2607653,Dogs in the Vineyard
http://www.wikidata.org/entity/Q68624889,Cthulhu Dark,http://www.wikidata.org/entity/Q3210775,Trail of Cthulhu
http://www.wikidata.org/entity/Q68624889,Cthulhu Dark,http://www.wikidata.org/entity/Q3744369,Fiasco
http://www.wikidata.org/entity/Q68624889,Cthulhu Dark,http://www.wikidata.org/entity/Q5287471,Doctor Who Roleplaying Game
http://www.wikidata.org/entity/Q68624889,Cthulhu Dark,http://www.wikidata.org/entity/Q650924,Vampire: The Masquerade
http://www.wikidata.org/entity/Q68624889,Cthulhu Dark,http://www.wikidata.org/entity/Q67174687,Lady Blackbird
http://www.wikidata.org/entity/Q68624889,Cthulhu Dark,http://www.wikidata.org/entity/Q68625987,Play Unsafe
http://www.wikidata.org/entity/Q68624889,Cthulhu Dark,http://www.wikidata.org/entity/Q68626608,Poison'd
http://www.wikidata.org/entity/Q68626608,Poison'd,http://www.wikidata.org/entity/Q2613589,InSpectres
http://www.wikidata.org/entity/Q68626608,Poison'd,http://www.wikidata.org/entity/Q547845,Sorcerer
http://www.wikidata.org/entity/Q68626608,Poison'd,http://www.wikidata.org/entity/Q77430369,Steal Away Jordan
http://www.wikidata.org/entity/Q68626608,Poison'd,http://www.wikidata.org/entity/Q7752487,The Mountain Witch
http://www.wikidata.org/entity/Q69367342,Star Drakkar,http://www.wikidata.org/entity/Q1042462,Space Opera
http://www.wikidata.org/entity/Q69367342,Star Drakkar,http://www.wikidata.org/entity/Q20711095,Rune
http://www.wikidata.org/entity/Q69367342,Star Drakkar,http://www.wikidata.org/entity/Q2860238,Archipels (D20 system)
http://www.wikidata.org/entity/Q69367342,Star Drakkar,http://www.wikidata.org/entity/Q3399753,Post mortem
http://www.wikidata.org/entity/Q69367342,Star Drakkar,http://www.wikidata.org/entity/Q679434,Feng Shui
http://www.wikidata.org/entity/Q69367342,Star Drakkar,http://www.wikidata.org/entity/Q7884140,Unearthed Arcana
http://www.wikidata.org/entity/Q7021264,Nexus: The Infinite City,http://www.wikidata.org/entity/Q1027121,Call of Cthulhu
http://www.wikidata.org/entity/Q7021264,Nexus: The Infinite City,http://www.wikidata.org/entity/Q1034675,Cyberpunk 2020
http://www.wikidata.org/entity/Q7021264,Nexus: The Infinite City,http://www.wikidata.org/entity/Q1047814,Generic Universal Role Playing System
http://www.wikidata.org/entity/Q7021264,Nexus: The Infinite City,http://www.wikidata.org/entity/Q1613765,HERO System
http://www.wikidata.org/entity/Q7021264,Nexus: The Infinite City,http://www.wikidata.org/entity/Q1851660,Storytelling System
http://www.wikidata.org/entity/Q7021264,Nexus: The Infinite City,http://www.wikidata.org/entity/Q3320506,Murphy's World
http://www.wikidata.org/entity/Q7021264,Nexus: The Infinite City,http://www.wikidata.org/entity/Q5013482,CORPS
http://www.wikidata.org/entity/Q7021264,Nexus: The Infinite City,http://www.wikidata.org/entity/Q682472,Talislanta
http://www.wikidata.org/entity/Q7021264,Nexus: The Infinite City,http://www.wikidata.org/entity/Q726682,Over the Edge
http://www.wikidata.org/entity/Q7021264,Nexus: The Infinite City,http://www.wikidata.org/entity/Q7883618,Underground
http://www.wikidata.org/entity/Q70486236,Cloak of Steel,http://www.wikidata.org/entity/Q1091693,System Reference Document
http://www.wikidata.org/entity/Q70486236,Cloak of Steel,http://www.wikidata.org/entity/Q1752744,Open Game License
http://www.wikidata.org/entity/Q70486236,Cloak of Steel,http://www.wikidata.org/entity/Q3266754,D20 Modern
http://www.wikidata.org/entity/Q70486236,Cloak of Steel,http://www.wikidata.org/entity/Q64623379,Dungeons & Dragons 3.5 edition
http://www.wikidata.org/entity/Q70666681,OpenQuest,http://www.wikidata.org/entity/Q1091693,System Reference Document
http://www.wikidata.org/entity/Q70666681,OpenQuest,http://www.wikidata.org/entity/Q2633765,Basic Role-Playing
http://www.wikidata.org/entity/Q70666681,OpenQuest,http://www.wikidata.org/entity/Q681338,RuneQuest
http://www.wikidata.org/entity/Q70666681,OpenQuest,http://www.wikidata.org/entity/Q682309,Stormbringer
http://www.wikidata.org/entity/Q70666681,OpenQuest,http://www.wikidata.org/entity/Q70790912,Mongoose Runequest
http://www.wikidata.org/entity/Q70791655,Five Torches Deep,http://www.wikidata.org/entity/Q64706124,Dungeons & Dragons 5th edition
http://www.wikidata.org/entity/Q70792068,Dungeonesque,http://www.wikidata.org/entity/Q64706124,Dungeons & Dragons 5th edition
http://www.wikidata.org/entity/Q70816998,The First Fantasy Campaign,http://www.wikidata.org/entity/Q3640801,Blackmoor
http://www.wikidata.org/entity/Q70925843,Striscia,http://www.wikidata.org/entity/Q16382540,Apocalypse World
http://www.wikidata.org/entity/Q70925843,Striscia,http://www.wikidata.org/entity/Q17101085,Advanced Fighting Fantasy
http://www.wikidata.org/entity/Q70925843,Striscia,http://www.wikidata.org/entity/Q2164069,Traveller
http://www.wikidata.org/entity/Q70925843,Striscia,http://www.wikidata.org/entity/Q66163932,Dodécaèdre
http://www.wikidata.org/entity/Q70925843,Striscia,http://www.wikidata.org/entity/Q70926395,Index Card RPG
http://www.wikidata.org/entity/Q70925843,Striscia,http://www.wikidata.org/entity/Q70926609,Rats in the Walls
http://www.wikidata.org/entity/Q70940784,Prose Descriptive Qualities (PDQ) system,http://www.wikidata.org/entity/Q1047814,Generic Universal Role Playing System
http://www.wikidata.org/entity/Q70940784,Prose Descriptive Qualities (PDQ) system,http://www.wikidata.org/entity/Q2154880,Risus
http://www.wikidata.org/entity/Q70940784,Prose Descriptive Qualities (PDQ) system,http://www.wikidata.org/entity/Q495582,Unknown Armies
http://www.wikidata.org/entity/Q70940784,Prose Descriptive Qualities (PDQ) system,http://www.wikidata.org/entity/Q5245235,Dead Inside
http://www.wikidata.org/entity/Q70940784,Prose Descriptive Qualities (PDQ) system,http://www.wikidata.org/entity/Q5520309,Gamma World
http://www.wikidata.org/entity/Q70940784,Prose Descriptive Qualities (PDQ) system,http://www.wikidata.org/entity/Q71204073,"Monkey, Ninja, Pirate, Robot: the Roleplaying Game"
http://www.wikidata.org/entity/Q70947918,Tranchons & Traquons,http://www.wikidata.org/entity/Q21233651,Swashbucklers of the 7 Skies
http://www.wikidata.org/entity/Q70947918,Tranchons & Traquons,http://www.wikidata.org/entity/Q3036692,Donjon : Clefs en main
http://www.wikidata.org/entity/Q70947918,Tranchons & Traquons,http://www.wikidata.org/entity/Q3356433,Orkworld
http://www.wikidata.org/entity/Q70947918,Tranchons & Traquons,http://www.wikidata.org/entity/Q3552531,Usagi Yojimbo Role-Playing Game
http://www.wikidata.org/entity/Q70947918,Tranchons & Traquons,http://www.wikidata.org/entity/Q390297,Rêve: the Dream Ouroboros
http://www.wikidata.org/entity/Q70947918,Tranchons & Traquons,http://www.wikidata.org/entity/Q6073125,Ironclaw
http://www.wikidata.org/entity/Q70947918,Tranchons & Traquons,http://www.wikidata.org/entity/Q67174687,Lady Blackbird
http://www.wikidata.org/entity/Q70947918,Tranchons & Traquons,http://www.wikidata.org/entity/Q682229,The Dark Eye
http://www.wikidata.org/entity/Q70947918,Tranchons & Traquons,http://www.wikidata.org/entity/Q682803,Trollbabe
http://www.wikidata.org/entity/Q70947918,Tranchons & Traquons,http://www.wikidata.org/entity/Q70948479,Tomorrow Knights
http://www.wikidata.org/entity/Q70947918,Tranchons & Traquons,http://www.wikidata.org/entity/Q70949461,Storming the Wizard's Tower
http://www.wikidata.org/entity/Q70947918,Tranchons & Traquons,http://www.wikidata.org/entity/Q70950463,The Magical Land of Yeld
http://www.wikidata.org/entity/Q70947918,Tranchons & Traquons,http://www.wikidata.org/entity/Q70950863,Redbox Hack
http://www.wikidata.org/entity/Q70947918,Tranchons & Traquons,http://www.wikidata.org/entity/Q7720690,The Burning Wheel
http://www.wikidata.org/entity/Q70947918,Tranchons & Traquons,http://www.wikidata.org/entity/Q1375,Dungeons & Dragons
http://www.wikidata.org/entity/Q70947918,Tranchons & Traquons,http://www.wikidata.org/entity/Q5464,Earthdawn
http://www.wikidata.org/entity/Q71204073,"Monkey, Ninja, Pirate, Robot: the Roleplaying Game",http://www.wikidata.org/entity/Q1047814,Generic Universal Role Playing System
http://www.wikidata.org/entity/Q71204073,"Monkey, Ninja, Pirate, Robot: the Roleplaying Game",http://www.wikidata.org/entity/Q2154880,Risus
http://www.wikidata.org/entity/Q71204073,"Monkey, Ninja, Pirate, Robot: the Roleplaying Game",http://www.wikidata.org/entity/Q495582,Unknown Armies
http://www.wikidata.org/entity/Q71204073,"Monkey, Ninja, Pirate, Robot: the Roleplaying Game",http://www.wikidata.org/entity/Q5245235,Dead Inside
http://www.wikidata.org/entity/Q71204073,"Monkey, Ninja, Pirate, Robot: the Roleplaying Game",http://www.wikidata.org/entity/Q5520309,Gamma World
http://www.wikidata.org/entity/Q71204073,"Monkey, Ninja, Pirate, Robot: the Roleplaying Game",http://www.wikidata.org/entity/Q70940784,Prose Descriptive Qualities (PDQ) system
http://www.wikidata.org/entity/Q7131748,Pantheon and Other Roleplaying Games,http://www.wikidata.org/entity/Q1476922,HeroQuest
http://www.wikidata.org/entity/Q7131748,Pantheon and Other Roleplaying Games,http://www.wikidata.org/entity/Q17040847,Violence
http://www.wikidata.org/entity/Q7131748,Pantheon and Other Roleplaying Games,http://www.wikidata.org/entity/Q25112595,The Extraordinary Adventures of Baron Munchausen
http://www.wikidata.org/entity/Q7131748,Pantheon and Other Roleplaying Games,http://www.wikidata.org/entity/Q679434,Feng Shui
http://www.wikidata.org/entity/Q7131748,Pantheon and Other Roleplaying Games,http://www.wikidata.org/entity/Q7260726,Puppetland
http://www.wikidata.org/entity/Q72230547,Légendes des mille et une nuits,http://www.wikidata.org/entity/Q3270166,Légendes
http://www.wikidata.org/entity/Q72230547,Légendes des mille et une nuits,http://www.wikidata.org/entity/Q72230764,Légendes Celtiques
http://www.wikidata.org/entity/Q72231484,Légendes de la Vallée des Rois,http://www.wikidata.org/entity/Q3270166,Légendes
http://www.wikidata.org/entity/Q72231484,Légendes de la Vallée des Rois,http://www.wikidata.org/entity/Q64561722,Premières légendes : Légendes de la Table Ronde
http://www.wikidata.org/entity/Q72231484,Légendes de la Vallée des Rois,http://www.wikidata.org/entity/Q72230764,Légendes Celtiques
http://www.wikidata.org/entity/Q73569942,Blueholme,http://www.wikidata.org/entity/Q1091693,System Reference Document
http://www.wikidata.org/entity/Q73569942,Blueholme,http://www.wikidata.org/entity/Q1752744,Open Game License
http://www.wikidata.org/entity/Q73569942,Blueholme,http://www.wikidata.org/entity/Q64596999,Dungeons & Dragons: Basic Set « Holmes » 1977
http://www.wikidata.org/entity/Q764265,Alternity,http://www.wikidata.org/entity/Q64597405,Advanced Dungeons & Dragons 1st edition
http://www.wikidata.org/entity/Q77074912,Hot War,http://www.wikidata.org/entity/Q1027121,Call of Cthulhu
http://www.wikidata.org/entity/Q77074912,Hot War,http://www.wikidata.org/entity/Q16967584,Dust Devils
http://www.wikidata.org/entity/Q77074912,Hot War,http://www.wikidata.org/entity/Q4566951,Twilight: 2000
http://www.wikidata.org/entity/Q77074912,Hot War,http://www.wikidata.org/entity/Q547845,Sorcerer
http://www.wikidata.org/entity/Q77074912,Hot War,http://www.wikidata.org/entity/Q6659288,Living Steel
http://www.wikidata.org/entity/Q77074912,Hot War,http://www.wikidata.org/entity/Q68028418,Cold City
http://www.wikidata.org/entity/Q77074912,Hot War,http://www.wikidata.org/entity/Q77075067,Covenant
http://www.wikidata.org/entity/Q77075935,In a Wicked Age,http://www.wikidata.org/entity/Q3631244,Primetime Adventures
http://www.wikidata.org/entity/Q77075935,In a Wicked Age,http://www.wikidata.org/entity/Q547845,Sorcerer
http://www.wikidata.org/entity/Q77075935,In a Wicked Age,http://www.wikidata.org/entity/Q5608233,Grey Ranks
http://www.wikidata.org/entity/Q77075935,In a Wicked Age,http://www.wikidata.org/entity/Q64524443,Agon
http://www.wikidata.org/entity/Q77075935,In a Wicked Age,http://www.wikidata.org/entity/Q64528206,Sorcerer supplements
http://www.wikidata.org/entity/Q77075935,In a Wicked Age,http://www.wikidata.org/entity/Q682803,Trollbabe
http://www.wikidata.org/entity/Q77075935,In a Wicked Age,http://www.wikidata.org/entity/Q77076165,Names: The Story Games Name Project
http://www.wikidata.org/entity/Q77075935,In a Wicked Age,http://www.wikidata.org/entity/Q1375,Dungeons & Dragons
http://www.wikidata.org/entity/Q7720690,The Burning Wheel,http://www.wikidata.org/entity/Q1034675,Cyberpunk 2020
http://www.wikidata.org/entity/Q7720690,The Burning Wheel,http://www.wikidata.org/entity/Q1042398,Paranoia
http://www.wikidata.org/entity/Q7720690,The Burning Wheel,http://www.wikidata.org/entity/Q1042442,Shadowrun
http://www.wikidata.org/entity/Q7720690,The Burning Wheel,http://www.wikidata.org/entity/Q1961883,My Life with Master
http://www.wikidata.org/entity/Q7720690,The Burning Wheel,http://www.wikidata.org/entity/Q2607653,Dogs in the Vineyard
http://www.wikidata.org/entity/Q7720690,The Burning Wheel,http://www.wikidata.org/entity/Q2613589,InSpectres
http://www.wikidata.org/entity/Q7720690,The Burning Wheel,http://www.wikidata.org/entity/Q3850395,Marvel Super Heroes
http://www.wikidata.org/entity/Q7720690,The Burning Wheel,http://www.wikidata.org/entity/Q547845,Sorcerer
http://www.wikidata.org/entity/Q7720690,The Burning Wheel,http://www.wikidata.org/entity/Q64597405,Advanced Dungeons & Dragons 1st edition
http://www.wikidata.org/entity/Q7720690,The Burning Wheel,http://www.wikidata.org/entity/Q68389167,Fvlminata
http://www.wikidata.org/entity/Q7720690,The Burning Wheel,http://www.wikidata.org/entity/Q7760683,The Riddle of Steel
http://www.wikidata.org/entity/Q7720690,The Burning Wheel,http://www.wikidata.org/entity/Q7806485,Timelords
http://www.wikidata.org/entity/Q7720690,The Burning Wheel,http://www.wikidata.org/entity/Q1375,Dungeons & Dragons
http://www.wikidata.org/entity/Q7720690,The Burning Wheel,http://www.wikidata.org/entity/Q5490,Warhammer Fantasy Roleplay
http://www.wikidata.org/entity/Q77243041,Kids on Bikes,http://www.wikidata.org/entity/Q64528206,Sorcerer supplements
http://www.wikidata.org/entity/Q77243041,Kids on Bikes,http://www.wikidata.org/entity/Q1375,Dungeons & Dragons
http://www.wikidata.org/entity/Q77246621,Maid: The Role-Playing Game,http://www.wikidata.org/entity/Q1641831,Hârn
http://www.wikidata.org/entity/Q77246621,Maid: The Role-Playing Game,http://www.wikidata.org/entity/Q77247234,Panty Explosion
http://www.wikidata.org/entity/Q77248517,Les Mille-Marches,http://www.wikidata.org/entity/Q67799891,Barbarians of Lemuria
http://www.wikidata.org/entity/Q77271931,Mindjammer,http://www.wikidata.org/entity/Q1350935,Fate
http://www.wikidata.org/entity/Q77271931,Mindjammer,http://www.wikidata.org/entity/Q1752744,Open Game License
http://www.wikidata.org/entity/Q77271931,Mindjammer,http://www.wikidata.org/entity/Q18163085,Starblazer Adventures
http://www.wikidata.org/entity/Q77272478,Monster of the Week,http://www.wikidata.org/entity/Q1027121,Call of Cthulhu
http://www.wikidata.org/entity/Q77272478,Monster of the Week,http://www.wikidata.org/entity/Q15221892,Dungeon World
http://www.wikidata.org/entity/Q77272478,Monster of the Week,http://www.wikidata.org/entity/Q16382540,Apocalypse World
http://www.wikidata.org/entity/Q77272478,Monster of the Week,http://www.wikidata.org/entity/Q17142058,Mouse Guard
http://www.wikidata.org/entity/Q77272478,Monster of the Week,http://www.wikidata.org/entity/Q17142386,GURPS Horror
http://www.wikidata.org/entity/Q77272478,Monster of the Week,http://www.wikidata.org/entity/Q17154019,Monsterhearts
http://www.wikidata.org/entity/Q77272478,Monster of the Week,http://www.wikidata.org/entity/Q19873517,GURPS Black Ops
http://www.wikidata.org/entity/Q77272478,Monster of the Week,http://www.wikidata.org/entity/Q2613589,InSpectres
http://www.wikidata.org/entity/Q77272478,Monster of the Week,http://www.wikidata.org/entity/Q3210775,Trail of Cthulhu
http://www.wikidata.org/entity/Q77272478,Monster of the Week,http://www.wikidata.org/entity/Q3744369,Fiasco
http://www.wikidata.org/entity/Q77272478,Monster of the Week,http://www.wikidata.org/entity/Q495582,Unknown Armies
http://www.wikidata.org/entity/Q77272478,Monster of the Week,http://www.wikidata.org/entity/Q68028418,Cold City
http://www.wikidata.org/entity/Q77272478,Monster of the Week,http://www.wikidata.org/entity/Q68625987,Play Unsafe
http://www.wikidata.org/entity/Q77272478,Monster of the Week,http://www.wikidata.org/entity/Q77272986,Geiger Counter
http://www.wikidata.org/entity/Q7733398,The Fantasy Trip,http://www.wikidata.org/entity/Q64597405,Advanced Dungeons & Dragons 1st edition
http://www.wikidata.org/entity/Q7733398,The Fantasy Trip,http://www.wikidata.org/entity/Q683240,Tunnels & Trolls
http://www.wikidata.org/entity/Q77363685,On Mighty Thews,http://www.wikidata.org/entity/Q5296210,Donjon
http://www.wikidata.org/entity/Q77363685,On Mighty Thews,http://www.wikidata.org/entity/Q77363810,Dungeon Squad!
http://www.wikidata.org/entity/Q77435402,Rocket Age,http://www.wikidata.org/entity/Q5287471,Doctor Who Roleplaying Game
http://www.wikidata.org/entity/Q7751161,The Metabarons Roleplaying Game,http://www.wikidata.org/entity/Q1138697,D6 System
http://www.wikidata.org/entity/Q7760683,The Riddle of Steel,http://www.wikidata.org/entity/Q547845,Sorcerer
http://www.wikidata.org/entity/Q778991,In Nomine Satanis / Magna Veritas,http://www.wikidata.org/entity/Q1375,Dungeons & Dragons
http://www.wikidata.org/entity/Q7848259,Truth & Justice,http://www.wikidata.org/entity/Q1047814,Generic Universal Role Playing System
http://www.wikidata.org/entity/Q7848259,Truth & Justice,http://www.wikidata.org/entity/Q1350935,Fate
http://www.wikidata.org/entity/Q7848259,Truth & Justice,http://www.wikidata.org/entity/Q2154880,Risus
http://www.wikidata.org/entity/Q7848259,Truth & Justice,http://www.wikidata.org/entity/Q24207038,Marvel Super Heroes Advanced Set
http://www.wikidata.org/entity/Q7848259,Truth & Justice,http://www.wikidata.org/entity/Q2825388,Adventure!
http://www.wikidata.org/entity/Q7848259,Truth & Justice,http://www.wikidata.org/entity/Q388465,Castle Falkenstein
http://www.wikidata.org/entity/Q7848259,Truth & Justice,http://www.wikidata.org/entity/Q4012863,Villains and Vigilantes
http://www.wikidata.org/entity/Q7848259,Truth & Justice,http://www.wikidata.org/entity/Q495582,Unknown Armies
http://www.wikidata.org/entity/Q7848259,Truth & Justice,http://www.wikidata.org/entity/Q5035301,Capes
http://www.wikidata.org/entity/Q7848259,Truth & Justice,http://www.wikidata.org/entity/Q5245235,Dead Inside
http://www.wikidata.org/entity/Q7848259,Truth & Justice,http://www.wikidata.org/entity/Q5520309,Gamma World
http://www.wikidata.org/entity/Q7848259,Truth & Justice,http://www.wikidata.org/entity/Q70940784,Prose Descriptive Qualities (PDQ) system
http://www.wikidata.org/entity/Q7848259,Truth & Justice,http://www.wikidata.org/entity/Q71204073,"Monkey, Ninja, Pirate, Robot: the Roleplaying Game"
http://www.wikidata.org/entity/Q7848259,Truth & Justice,http://www.wikidata.org/entity/Q71205546,Darkpages
http://www.wikidata.org/entity/Q7848259,Truth & Justice,http://www.wikidata.org/entity/Q71205904,Hearts & Souls
http://www.wikidata.org/entity/Q7848259,Truth & Justice,http://www.wikidata.org/entity/Q71206688,Simply Roleplaying
http://www.wikidata.org/entity/Q7848259,Truth & Justice,http://www.wikidata.org/entity/Q71207281,Storyboard
http://www.wikidata.org/entity/Q7848259,Truth & Justice,http://www.wikidata.org/entity/Q726682,Over the Edge
http://www.wikidata.org/entity/Q7848259,Truth & Justice,http://www.wikidata.org/entity/Q5493,Nobilis
http://www.wikidata.org/entity/Q858800,"Big Eyes, Small Mouth",http://www.wikidata.org/entity/Q1375,Dungeons & Dragons
http://www.wikidata.org/entity/Q858800,"Big Eyes, Small Mouth",http://www.wikidata.org/entity/Q5452,Amber Diceless Role-Playing Game
http://www.wikidata.org/entity/Q932225,Masque of the Red Death,http://www.wikidata.org/entity/Q15975223,Monstrous Compendium
http://www.wikidata.org/entity/Q932225,Masque of the Red Death,http://www.wikidata.org/entity/Q18391058,Monstrous Manual
http://www.wikidata.org/entity/Q932225,Masque of the Red Death,http://www.wikidata.org/entity/Q64620925,Advanced Dungeons & Dragons 2nd edition
http://www.wikidata.org/entity/Q932225,Masque of the Red Death,http://www.wikidata.org/entity/Q7296457,Ravenloft: Realm of Terror
http://www.wikidata.org/entity/Q932225,Masque of the Red Death,http://www.wikidata.org/entity/Q7913611,Van Richten's Guide to Ghosts
http://www.wikidata.org/entity/Q1375,Dungeons & Dragons,http://www.wikidata.org/entity/Q3640801,Blackmoor
http://www.wikidata.org/entity/Q5452,Amber Diceless Role-Playing Game,http://www.wikidata.org/entity/Q18204518,Teenage Mutant Ninja Turtles Adventures
http://www.wikidata.org/entity/Q5452,Amber Diceless Role-Playing Game,http://www.wikidata.org/entity/Q2311403,Transdimensional Teenage Mutant Ninja Turtles
http://www.wikidata.org/entity/Q5452,Amber Diceless Role-Playing Game,http://www.wikidata.org/entity/Q2686645,Teenage Mutant Ninja Turtles Guide to the Universe
http://www.wikidata.org/entity/Q5452,Amber Diceless Role-Playing Game,http://www.wikidata.org/entity/Q2826313,After the Bomb
http://www.wikidata.org/entity/Q5452,Amber Diceless Role-Playing Game,http://www.wikidata.org/entity/Q3085024,Teenage Mutant Ninja Turtles & Other Strangeness
http://www.wikidata.org/entity/Q5452,Amber Diceless Role-Playing Game,http://www.wikidata.org/entity/Q3342018,Ninjas & Superspies
http://www.wikidata.org/entity/Q5452,Amber Diceless Role-Playing Game,http://www.wikidata.org/entity/Q67785107,The Revised RECON
http://www.wikidata.org/entity/Q5452,Amber Diceless Role-Playing Game,http://www.wikidata.org/entity/Q6943708,Mutants Down Under
http://www.wikidata.org/entity/Q5452,Amber Diceless Role-Playing Game,http://www.wikidata.org/entity/Q6943710,Mutants in Avalon
http://www.wikidata.org/entity/Q5452,Amber Diceless Role-Playing Game,http://www.wikidata.org/entity/Q6943711,Mutants in Orbit
http://www.wikidata.org/entity/Q5452,Amber Diceless Role-Playing Game,http://www.wikidata.org/entity/Q6943714,Mutants of the Yucatan
http://www.wikidata.org/entity/Q5452,Amber Diceless Role-Playing Game,http://www.wikidata.org/entity/Q7339340,Road Hogs
http://www.wikidata.org/entity/Q5467,Exalted,http://www.wikidata.org/entity/Q1851660,Storytelling System
http://www.wikidata.org/entity/Q5496,Palladium Fantasy Role-Playing Game,http://www.wikidata.org/entity/Q1336480,Rifts
http://www.wikidata.org/entity/Q5496,Palladium Fantasy Role-Playing Game,http://www.wikidata.org/entity/Q3085024,Teenage Mutant Ninja Turtles & Other Strangeness
http://www.wikidata.org/entity/Q5496,Palladium Fantasy Role-Playing Game,http://www.wikidata.org/entity/Q3341410,Nightbane
http://www.wikidata.org/entity/Q5496,Palladium Fantasy Role-Playing Game,http://www.wikidata.org/entity/Q3342018,Ninjas & Superspies
http://www.wikidata.org/entity/Q5496,Palladium Fantasy Role-Playing Game,http://www.wikidata.org/entity/Q3785299,Heroes Unlimited
http://www.wikidata.org/entity/Q5496,Palladium Fantasy Role-Playing Game,http://www.wikidata.org/entity/Q730232,Beyond the Supernatural
http://www.wikidata.org/entity/Q5496,Palladium Fantasy Role-Playing Game,http://www.wikidata.org/entity/Q7353415,Robotech
http://www.wikidata.org/entity/Q5496,Palladium Fantasy Role-Playing Game,http://www.wikidata.org/entity/Q7750845,The Mechanoid Invasion
http://www.wikidata.org/entity/Q5496,Palladium Fantasy Role-Playing Game,http://www.wikidata.org/entity/Q1375,Dungeons & Dragons
